City_ID,City,Lat,Lng,Max Temp,Humidity,Cloudiness,Wind Speed,Country,Date
0,Busselton,-33.65,115.33,60.01,66,94,14.0,AU,2020-09-30 17:56:33
1,Huntsville,34.73,-86.59,73.99,49,1,11.41,US,2020-09-30 17:52:32
2,Kapaa,22.08,-159.32,73.0,83,1,8.05,US,2020-09-30 17:55:13
3,Katsuura,35.13,140.3,66.2,88,90,9.17,JP,2020-09-30 17:56:34
4,Batagay,67.63,134.63,28.56,86,63,5.68,RU,2020-09-30 17:56:34
5,Yellowknife,62.46,-114.35,39.99,100,75,3.36,CA,2020-09-30 17:56:35
6,Tuktoyaktuk,69.45,-133.04,33.8,100,90,5.82,CA,2020-09-30 17:56:35
7,Krasnoselkup,65.7,82.47,32.2,95,95,3.87,RU,2020-09-30 17:56:36
8,Hobart,-42.88,147.33,52.0,53,100,14.99,AU,2020-09-30 17:52:28
9,Najran,17.49,44.13,84.2,16,1,4.36,SA,2020-09-30 17:56:36
10,Bentiu,9.23,29.83,74.55,87,90,3.67,SS,2020-09-30 17:56:37
11,Ushuaia,-54.8,-68.3,33.8,86,90,18.34,AR,2020-09-30 17:52:41
12,Ponta Do Sol,32.67,-17.1,72.0,82,75,12.75,PT,2020-09-30 17:56:37
13,Tupelo,34.26,-88.7,75.2,41,1,9.17,US,2020-09-30 17:56:38
14,Albany,42.6,-73.97,68.0,45,55,8.01,US,2020-09-30 17:52:35
15,Carutapera,-1.2,-46.02,87.15,58,26,11.86,BR,2020-09-30 17:56:38
16,New Norfolk,-42.78,147.06,52.0,66,92,3.0,AU,2020-09-30 17:56:38
17,Vaini,-21.2,-175.2,73.4,94,75,6.93,TO,2020-09-30 17:56:39
18,Puerto Ayora,-0.74,-90.35,75.2,64,75,20.8,EC,2020-09-30 17:56:39
19,Tezu,27.92,96.17,78.31,66,2,2.82,IN,2020-09-30 17:56:40
20,Kyaiklat,16.43,95.73,78.8,88,40,3.36,MM,2020-09-30 17:56:40
21,Qaanaaq,77.48,-69.36,14.23,81,0,6.69,GL,2020-09-30 17:56:41
22,Almaznyy,48.04,40.05,68.0,30,40,35.79,RU,2020-09-30 17:56:41
23,Hermanus,-34.42,19.23,54.0,80,86,4.0,ZA,2020-09-30 17:56:42
24,Bluff,-46.6,168.33,37.99,94,61,1.01,NZ,2020-09-30 17:56:42
25,Lebu,-37.62,-73.65,50.77,54,12,9.75,CL,2020-09-30 17:56:43
26,Rikitea,-23.12,-134.97,71.38,81,79,23.29,PF,2020-09-30 17:56:43
27,Bilibino,68.05,166.44,27.9,94,12,1.39,RU,2020-09-30 17:56:44
28,Jamestown,42.1,-79.24,57.99,66,90,18.34,US,2020-09-30 17:52:18
29,Egvekinot,66.32,-179.17,30.2,98,94,3.2,RU,2020-09-30 17:56:44
30,Madang,-5.22,145.8,76.75,89,60,3.4,PG,2020-09-30 17:56:45
31,Nikolskoye,59.7,30.79,54.0,87,20,4.47,RU,2020-09-30 17:56:45
32,Bengkulu,-3.8,102.27,77.38,86,99,6.15,ID,2020-09-30 17:56:46
33,East London,-33.02,27.91,64.4,82,0,9.17,ZA,2020-09-30 17:56:46
34,Severo-Kurilsk,50.68,156.12,50.04,82,99,2.1,RU,2020-09-30 17:56:46
35,Ribeira Brava,32.65,-17.07,72.0,82,75,12.75,PT,2020-09-30 17:56:47
36,Touros,-5.2,-35.46,84.2,58,20,18.34,BR,2020-09-30 17:56:47
37,Walvis Bay,-22.96,14.51,55.99,82,13,13.87,NA,2020-09-30 17:56:48
38,Muskegon,43.3,-86.13,64.4,63,75,14.99,US,2020-09-30 17:52:56
39,Hamilton,39.18,-84.53,72.0,49,1,18.34,US,2020-09-30 17:56:48
40,Cabo San Lucas,22.89,-109.91,89.6,62,5,7.0,MX,2020-09-30 17:55:23
41,Yangambi,0.81,24.43,71.8,95,89,2.64,CD,2020-09-30 17:56:49
42,Butaritari,3.07,172.79,81.77,79,100,16.46,KI,2020-09-30 17:56:49
43,San Patricio,19.22,-104.7,91.4,75,75,5.53,MX,2020-09-30 17:56:50
44,Adrar,20.5,-10.07,100.92,10,19,11.23,MR,2020-09-30 17:56:50
45,Tuatapere,-46.13,167.68,37.99,94,57,1.01,NZ,2020-09-30 17:56:51
46,Hobyo,5.35,48.53,77.7,85,63,13.49,SO,2020-09-30 17:56:52
47,Buy,58.48,41.53,50.77,83,28,6.73,RU,2020-09-30 17:56:52
48,Salalah,17.02,54.09,78.8,83,75,2.24,OM,2020-09-30 17:52:46
49,Makakilo City,21.35,-158.09,73.4,77,1,4.7,US,2020-09-30 17:56:52
50,Fayaoue,-20.65,166.53,68.86,70,16,19.84,NC,2020-09-30 17:56:53
51,Arraial Do Cabo,-22.97,-42.03,86.0,69,1,21.92,BR,2020-09-30 17:56:53
52,Port Alfred,-33.59,26.89,61.68,82,0,4.65,ZA,2020-09-30 17:56:53
53,Saint-Pierre,-21.34,55.48,73.4,73,40,1.1,RE,2020-09-30 17:55:17
54,Castro,-24.79,-50.01,89.02,32,4,10.56,BR,2020-09-30 17:56:54
55,Barrow,71.29,-156.79,32.0,98,90,14.99,US,2020-09-30 17:56:54
56,Praia Da Vitoria,38.73,-27.07,73.4,94,75,14.65,PT,2020-09-30 17:56:55
57,Amuntai,-2.42,115.25,75.09,90,81,0.2,ID,2020-09-30 17:56:55
58,Mataura,-46.19,168.86,37.99,94,41,1.01,NZ,2020-09-30 17:56:56
59,Thompson,55.74,-97.86,37.4,93,90,13.87,CA,2020-09-30 17:56:57
60,Shenjiamen,29.96,122.3,70.2,76,0,8.66,CN,2020-09-30 17:56:57
61,Cape Town,-33.93,18.42,57.0,76,75,14.99,ZA,2020-09-30 17:56:42
62,Avarua,-21.21,-159.78,77.0,88,28,19.46,CK,2020-09-30 17:56:58
63,North Bend,43.41,-124.22,59.0,100,90,4.7,US,2020-09-30 17:56:58
64,Saint George,37.1,-113.58,79.0,14,0,0.78,US,2020-09-30 17:56:58
65,Chiang Kham,19.52,100.3,77.0,100,20,3.36,TH,2020-09-30 17:56:59
66,Hilo,19.73,-155.09,75.99,64,90,4.7,US,2020-09-30 17:53:03
67,Sambava,-14.27,50.17,73.98,91,72,4.7,MG,2020-09-30 17:57:00
68,Kashan,33.98,51.44,68.45,22,55,5.35,IR,2020-09-30 17:57:00
69,Vostok,46.49,135.88,37.8,96,99,1.92,RU,2020-09-30 17:57:01
70,Moyale,3.52,39.06,76.14,46,0,9.62,KE,2020-09-30 17:57:01
71,Upernavik,72.79,-56.15,25.54,94,97,8.59,GL,2020-09-30 17:57:02
72,Svetlogorsk,52.63,29.73,59.83,45,100,11.74,BY,2020-09-30 17:57:02
73,Torbay,47.67,-52.73,77.0,73,75,18.34,CA,2020-09-30 17:57:03
74,Billings,45.78,-108.5,60.01,32,75,4.7,US,2020-09-30 17:57:03
75,Nome,64.5,-165.41,42.01,80,40,9.17,US,2020-09-30 17:57:04
76,Sao Filipe,14.9,-24.5,79.97,76,33,10.25,CV,2020-09-30 17:57:05
77,Riyadh,24.69,46.72,87.8,20,0,3.36,SA,2020-09-30 17:54:23
78,Hasaki,35.73,140.83,64.4,93,90,6.93,JP,2020-09-30 17:57:06
79,Port Shepstone,-30.74,30.45,65.66,75,64,22.32,ZA,2020-09-30 17:57:07
80,Esperance,-33.87,121.9,55.4,82,0,11.41,AU,2020-09-30 17:57:07
81,Quthing,-30.4,27.7,53.94,35,0,1.63,LS,2020-09-30 17:57:08
82,Punta Arenas,-53.15,-70.92,37.4,59,75,35.57,CL,2020-09-30 17:53:24
83,Mount Gambier,-37.83,140.77,44.6,93,40,10.29,AU,2020-09-30 17:57:08
84,Dunedin,-45.87,170.5,45.0,70,14,1.99,NZ,2020-09-30 17:57:09
85,Ixtapa,20.7,-105.2,89.6,59,20,2.57,MX,2020-09-30 17:57:09
86,Pamplona,42.82,-1.64,71.01,43,14,6.93,ES,2020-09-30 17:57:10
87,Gazanjyk,39.24,55.52,56.14,34,0,9.15,TM,2020-09-30 17:57:10
88,Isangel,-19.55,169.27,69.53,78,39,13.87,VU,2020-09-30 17:57:10
89,Farafangana,-22.82,47.83,73.15,89,54,5.21,MG,2020-09-30 17:57:11
90,Timmins,48.47,-81.33,50.0,87,75,6.93,CA,2020-09-30 17:56:28
91,Maragogi,-9.01,-35.22,79.5,69,31,11.56,BR,2020-09-30 17:57:12
92,Provideniya,64.38,-173.3,33.37,92,0,6.8,RU,2020-09-30 17:57:12
93,Manokwari,-0.87,134.08,78.93,76,94,5.17,ID,2020-09-30 17:57:13
94,Te Anau,-45.42,167.72,36.32,89,58,1.59,NZ,2020-09-30 17:57:13
95,Oranjestad,12.52,-70.03,91.4,63,40,19.46,AW,2020-09-30 17:54:00
96,Bonfim,3.08,-59.95,96.21,37,72,4.09,BR,2020-09-30 17:57:14
97,Amahai,-3.33,128.92,76.12,84,86,3.76,ID,2020-09-30 17:57:14
98,Iqaluit,63.75,-68.51,39.2,51,20,18.34,CA,2020-09-30 17:57:15
99,Necochea,-38.55,-58.74,63.0,57,90,3.0,AR,2020-09-30 17:55:54
100,Bredasdorp,-34.53,20.04,55.4,71,50,8.05,ZA,2020-09-30 17:57:15
101,Hervey Bay,-25.3,152.85,59.0,82,9,1.01,AU,2020-09-30 17:57:16
102,Port Elizabeth,-33.92,25.57,60.8,72,75,13.87,ZA,2020-09-30 17:57:16
103,Port Moresby,-9.44,147.18,74.26,90,94,12.88,PG,2020-09-30 17:57:17
104,Sungai Padi,6.09,101.88,80.6,88,20,2.64,TH,2020-09-30 17:57:17
105,Dikson,73.51,80.55,35.04,97,100,18.92,RU,2020-09-30 17:57:18
106,Codrington,-38.27,141.97,43.34,86,15,8.61,AU,2020-09-30 17:57:18
107,Pangody,65.85,74.49,39.04,86,86,4.68,RU,2020-09-30 17:57:18
108,Qixingtai,30.41,111.89,71.01,83,87,1.77,CN,2020-09-30 17:57:19
109,Ulaangom,49.98,92.07,38.66,71,22,5.14,MN,2020-09-30 17:57:19
110,Atuona,-9.8,-139.03,78.57,75,10,20.04,PF,2020-09-30 17:57:20
111,Cayenne,4.93,-52.33,89.6,62,20,11.41,GF,2020-09-30 17:57:20
112,Wanning,18.8,110.4,80.33,84,25,1.05,CN,2020-09-30 17:57:21
113,Coquimbo,-29.95,-71.34,60.8,55,5,16.11,CL,2020-09-30 17:57:21
114,Moosomin,50.13,-101.67,47.05,57,67,23.94,CA,2020-09-30 17:57:21
115,Sharjah,25.36,55.4,93.2,55,0,3.36,AE,2020-09-30 17:57:22
116,Saskylakh,71.92,114.08,26.73,94,82,2.89,RU,2020-09-30 17:57:22
117,Chuy,-33.7,-53.46,70.77,64,31,4.18,UY,2020-09-30 17:57:22
118,Kadi,23.3,72.33,84.2,79,20,2.3,IN,2020-09-30 17:57:23
119,Karratha,-20.74,116.85,70.97,49,0,7.96,AU,2020-09-30 17:57:23
120,Muisne,0.6,-80.03,82.4,78,75,9.17,EC,2020-09-30 17:57:24
121,Alice Springs,-23.7,133.88,66.2,39,0,6.93,AU,2020-09-30 17:57:24
122,Rosetta,31.4,30.42,77.13,81,0,12.46,EG,2020-09-30 17:57:25
123,Adelaide,-34.93,138.6,51.01,93,40,5.82,AU,2020-09-30 17:57:25
124,Minsk,53.9,27.57,53.6,76,100,6.71,BY,2020-09-30 17:57:02
125,Tromso,69.65,18.96,48.2,87,75,11.41,NO,2020-09-30 17:57:25
126,Meulaboh,4.14,96.13,78.82,85,92,7.02,ID,2020-09-30 17:57:26
127,Shimoda,34.67,138.95,60.01,91,100,1.01,JP,2020-09-30 17:57:26
128,Leningradskiy,69.38,178.42,32.54,88,93,3.04,RU,2020-09-30 17:57:27
129,Bethel,41.37,-73.41,66.99,55,40,10.29,US,2020-09-30 17:56:31
130,Ancud,-41.87,-73.82,48.2,70,40,9.17,CL,2020-09-30 17:57:28
131,Russell,32.35,-85.2,73.0,49,1,8.05,US,2020-09-30 17:57:28
132,Morlaix,48.58,-4.0,59.0,93,100,11.41,FR,2020-09-30 17:57:16
133,Ushibuka,32.19,130.02,69.75,74,1,9.64,JP,2020-09-30 17:57:29
134,Sweetwater,25.76,-80.37,91.99,58,20,4.29,US,2020-09-30 17:57:02
135,Korgen,66.08,13.82,55.4,76,75,2.24,NO,2020-09-30 17:57:29
136,Rawson,-43.3,-65.1,56.17,36,49,23.76,AR,2020-09-30 17:57:30
137,Appingedam,53.32,6.86,61.0,87,88,6.93,NL,2020-09-30 17:57:30
138,Boende,-0.22,20.87,73.6,93,71,2.1,CD,2020-09-30 17:57:31
139,Balkanabat,39.51,54.37,61.38,29,15,9.82,TM,2020-09-30 17:57:31
140,Mogadishu,2.04,45.34,77.85,82,23,15.35,SO,2020-09-30 17:53:01
141,Tiksi,71.69,128.87,31.01,96,100,21.3,RU,2020-09-30 17:57:32
142,Snasa,64.25,12.38,55.4,71,62,10.29,NO,2020-09-30 17:57:32
143,Vestmannaeyjar,63.44,-20.27,41.0,75,20,12.75,IS,2020-09-30 17:57:33
144,Cherskiy,68.75,161.3,37.44,79,99,8.5,RU,2020-09-30 17:57:33
145,Mollendo,-17.02,-72.01,64.04,72,86,9.53,PE,2020-09-30 17:57:33
146,Klaksvik,62.23,-6.59,48.2,100,100,20.8,FO,2020-09-30 17:57:34
147,Acapulco,16.86,-99.89,84.2,74,75,5.82,MX,2020-09-30 17:52:37
148,Mercedes,-34.65,-59.43,82.99,44,0,8.99,AR,2020-09-30 17:52:44
149,Balgazyn,51.0,95.2,30.85,87,44,3.27,RU,2020-09-30 17:57:35
150,Hithadhoo,-0.6,73.08,83.91,71,100,6.29,MV,2020-09-30 17:57:36
151,Kiunga,-6.12,141.29,71.65,98,89,2.04,PG,2020-09-30 17:57:36
152,Baoying,33.23,119.31,60.84,74,82,2.82,CN,2020-09-30 17:57:36
153,Eydhafushi,5.1,73.07,82.09,76,71,11.52,MV,2020-09-30 17:57:37
154,Portneuf,46.69,-71.89,55.99,99,100,3.0,CA,2020-09-30 17:57:37
155,Coihaique,-45.58,-72.07,46.4,49,75,12.75,CL,2020-09-30 17:57:37
156,Bambous Virieux,-20.34,57.76,73.0,83,75,2.24,MU,2020-09-30 17:57:38
157,Izumo,35.37,132.77,64.4,93,75,6.93,JP,2020-09-30 17:57:38
158,Saint-Joseph,-21.37,55.62,73.4,73,40,4.47,RE,2020-09-30 17:57:38
159,Airai,-8.93,125.41,60.64,70,71,2.68,TL,2020-09-30 17:57:39
160,Zabid,14.2,43.32,92.46,47,23,3.31,YE,2020-09-30 17:57:39
161,Yulara,-25.24,130.99,64.4,34,0,6.93,AU,2020-09-30 17:57:39
162,Finschhafen,-6.6,147.87,78.26,79,94,7.16,PG,2020-09-30 17:57:40
163,Solnechnyy,50.72,136.63,40.53,84,0,2.08,RU,2020-09-30 17:57:40
164,Peniche,39.36,-9.38,66.99,70,5,10.0,PT,2020-09-30 17:57:40
165,Bagan,54.1,77.66,44.56,62,96,9.4,RU,2020-09-30 17:57:41
166,Kushmurun,52.45,64.63,48.49,58,0,7.14,KZ,2020-09-30 17:57:41
167,Bridlington,54.08,-0.19,57.2,93,100,9.17,GB,2020-09-30 17:57:18
168,Duartina,-22.41,-49.4,104.0,17,15,8.05,BR,2020-09-30 17:57:42
169,Lompoc,34.64,-120.46,71.6,72,1,9.17,US,2020-09-30 17:52:46
170,Battle Creek,42.32,-85.18,60.8,63,90,17.22,US,2020-09-30 17:56:46
171,Kavieng,-2.57,150.8,82.17,73,73,4.41,PG,2020-09-30 17:57:42
172,Powell,40.16,-83.08,64.99,48,90,20.8,US,2020-09-30 17:56:29
173,Berlevag,70.86,29.09,48.2,87,75,11.41,NO,2020-09-30 17:57:43
174,Takhtamygda,54.1,123.57,41.02,84,93,2.71,RU,2020-09-30 17:57:43
175,Lahat,-3.8,103.53,72.7,92,72,2.28,ID,2020-09-30 17:57:43
176,Victoria,22.29,114.16,80.01,89,100,22.91,HK,2020-09-30 17:57:05
177,Saldanha,-33.01,17.94,55.4,71,2,13.87,ZA,2020-09-30 17:57:44
178,Husavik,66.04,-17.34,42.8,75,90,3.36,IS,2020-09-30 17:57:44
179,Mahebourg,-20.41,57.7,71.6,83,75,2.24,MU,2020-09-30 17:57:44
180,Georgetown,5.41,100.34,80.6,88,20,3.36,MY,2020-09-30 17:53:51
181,Vardo,70.37,31.11,50.0,87,75,17.22,NO,2020-09-30 17:57:45
182,Montepuez,-13.13,39.0,75.45,56,22,9.78,MZ,2020-09-30 17:57:45
183,Fredericksburg,38.3,-77.46,70.0,52,75,13.87,US,2020-09-30 17:57:45
184,Pacific Grove,36.62,-121.92,64.0,77,40,3.36,US,2020-09-30 17:54:00
185,Purpe,64.48,76.69,39.0,85,91,3.06,RU,2020-09-30 17:57:46
186,San Policarpo,12.18,125.51,78.82,88,100,5.19,PH,2020-09-30 17:57:46
187,Serta,39.81,-8.1,75.99,68,0,1.99,PT,2020-09-30 17:57:46
188,Mamlyutka,54.94,68.54,45.73,65,17,4.47,KZ,2020-09-30 17:57:47
189,Labuhan,-6.88,112.21,80.49,78,85,7.56,ID,2020-09-30 17:57:47
190,Chadiza,-14.07,32.44,80.08,34,87,6.6,ZM,2020-09-30 17:57:47
191,Kenora,49.82,-94.43,48.2,87,90,9.17,CA,2020-09-30 17:53:59
192,Cordoba,-31.41,-64.18,97.0,12,20,12.75,AR,2020-09-30 17:54:59
193,Khatanga,71.97,102.5,22.12,97,1,5.21,RU,2020-09-30 17:57:48
194,Mar Del Plata,-38.0,-57.56,71.6,49,71,11.41,AR,2020-09-30 17:55:48
195,Lebanon,36.21,-86.29,73.4,40,1,17.22,US,2020-09-30 17:57:48
196,Muros,42.78,-9.06,64.0,72,100,11.01,ES,2020-09-30 17:57:49
197,Zalegoshch,52.9,36.89,59.22,35,2,17.72,RU,2020-09-30 17:57:49
198,Tokur,53.13,132.9,31.51,97,0,2.26,RU,2020-09-30 17:57:49
199,Fare,-16.7,-151.02,78.85,78,9,25.26,PF,2020-09-30 17:57:50
200,Galle,6.04,80.22,79.72,84,90,9.93,LK,2020-09-30 17:57:50
201,Leninskoye,47.94,132.62,43.93,70,0,3.47,RU,2020-09-30 17:57:50
202,Mocuba,-16.84,36.99,74.28,79,4,8.23,MZ,2020-09-30 17:57:51
203,Xining,36.62,101.77,46.09,77,96,3.91,CN,2020-09-30 17:57:51
204,Nantucket,41.28,-70.1,68.0,82,75,31.09,US,2020-09-30 17:57:51
205,Abreu E Lima,-7.91,-34.9,86.0,58,40,16.11,BR,2020-09-30 17:57:51
206,Deyang,31.13,104.38,70.0,4,100,4.65,CN,2020-09-30 17:56:49
207,Valparaiso,-33.04,-71.63,62.6,62,20,13.87,CL,2020-09-30 17:57:09
208,Tarpon Springs,28.15,-82.76,77.0,49,1,8.05,US,2020-09-30 17:57:52
209,Saint-Philippe,-21.36,55.77,73.4,73,40,8.14,RE,2020-09-30 17:57:52
210,Cidreira,-30.18,-50.21,77.63,74,67,4.07,BR,2020-09-30 17:57:53
211,Tamandare,-8.76,-35.1,80.17,68,44,11.56,BR,2020-09-30 17:57:53
212,Buraydah,26.33,43.98,84.2,26,0,5.82,SA,2020-09-30 17:57:53
213,Constitucion,-35.33,-72.42,54.16,57,74,14.09,CL,2020-09-30 17:57:53
214,Kjollefjord,70.95,27.35,51.8,81,75,14.99,NO,2020-09-30 17:57:54
215,Tsagveri,41.8,43.48,58.19,69,100,4.85,GE,2020-09-30 17:57:54
216,Lagoa,39.05,-27.98,69.82,78,97,14.76,PT,2020-09-30 17:57:54
217,Guerrero Negro,27.98,-114.06,94.95,26,0,1.74,MX,2020-09-30 17:57:55
218,Pedernales,18.04,-71.74,88.77,60,76,5.26,DO,2020-09-30 17:57:55
219,Tautira,-17.73,-149.15,75.2,83,75,6.93,PF,2020-09-30 17:57:55
220,Norman Wells,65.28,-126.83,39.2,93,20,9.17,CA,2020-09-30 17:57:56
221,Booue,-0.09,11.94,76.05,79,76,3.06,GA,2020-09-30 17:57:56
222,Talnakh,69.49,88.4,26.6,100,40,4.47,RU,2020-09-30 17:57:57
223,Okha,53.57,142.95,43.88,88,2,5.79,RU,2020-09-30 17:57:57
224,Flin Flon,54.77,-101.86,42.8,87,90,18.34,CA,2020-09-30 17:57:57
225,Pevek,69.7,170.31,35.13,86,0,13.35,RU,2020-09-30 17:57:58
226,Asyut,27.18,31.18,93.42,14,0,15.75,EG,2020-09-30 17:57:58
227,Moron,-34.65,-58.62,82.99,28,0,11.41,AR,2020-09-30 17:57:58
228,Carnarvon,-24.87,113.63,66.2,100,0,14.99,AU,2020-09-30 17:57:58
229,Katangli,51.71,143.23,42.58,94,12,7.4,RU,2020-09-30 17:57:59
230,Tessalit,20.2,1.01,96.98,9,2,8.43,ML,2020-09-30 17:57:59
231,Marawi,8.0,124.29,75.0,88,98,5.01,PH,2020-09-30 17:58:00
232,Hofn,64.25,-15.21,46.4,81,90,3.36,IS,2020-09-30 17:58:00
233,High Level,58.52,-117.14,46.4,75,20,2.08,CA,2020-09-30 17:58:00
234,Whyalla,-33.03,137.58,50.0,100,32,5.82,AU,2020-09-30 17:58:00
235,Shingu,33.73,135.98,66.0,83,100,3.65,JP,2020-09-30 17:58:01
236,Bitung,1.45,125.18,78.75,82,62,9.62,ID,2020-09-30 17:58:01
237,Mahuva,21.09,71.76,80.71,72,3,8.39,IN,2020-09-30 17:58:02
238,Comodoro Rivadavia,-45.87,-67.5,57.2,30,20,24.16,AR,2020-09-30 17:58:02
239,Kyabe,9.45,18.94,71.71,94,98,7.16,TD,2020-09-30 17:58:03
240,Rudsar,37.14,50.29,69.8,73,75,2.24,IR,2020-09-30 17:58:03
241,General Bravo,25.8,-99.17,81.73,18,0,5.91,MX,2020-09-30 17:58:03
242,Nanortalik,60.14,-45.24,35.15,79,98,4.81,GL,2020-09-30 17:58:04
243,Longyearbyen,78.22,15.64,37.4,89,75,5.82,SJ,2020-09-30 17:55:12
244,Bonavista,48.65,-53.11,66.72,78,83,18.77,CA,2020-09-30 17:58:04
245,Kaitangata,-46.28,169.85,42.01,81,42,1.99,NZ,2020-09-30 17:58:05
246,Samarai,-10.62,150.67,78.62,83,87,15.23,PG,2020-09-30 17:58:05
247,Belmonte,-15.86,-38.88,80.6,69,40,14.99,BR,2020-09-30 17:58:05
248,Grand Gaube,-20.01,57.66,73.0,73,0,4.0,MU,2020-09-30 17:58:05
249,Kodiak,57.79,-152.41,51.8,87,90,27.51,US,2020-09-30 17:58:06
250,Lasa,46.62,10.7,53.6,66,5,3.36,IT,2020-09-30 17:58:06
251,Manjakandriana,-18.92,47.8,68.0,68,40,9.17,MG,2020-09-30 17:58:06
252,Kununurra,-15.77,128.73,75.2,100,52,4.7,AU,2020-09-30 17:58:07
253,Yarmouth,41.71,-70.23,70.0,73,1,20.8,US,2020-09-30 17:56:36
254,Paamiut,61.99,-49.67,33.35,75,66,4.0,GL,2020-09-30 17:58:07
255,Kursk,51.73,36.19,66.2,24,53,17.9,RU,2020-09-30 17:55:17
256,Topeka,39.05,-95.68,75.99,33,1,19.46,US,2020-09-30 17:58:08
257,Medea,36.26,2.75,75.2,78,40,8.05,DZ,2020-09-30 17:58:08
258,Sarlat-La-Caneda,44.89,1.22,61.0,62,32,2.84,FR,2020-09-30 17:58:08
259,Zhezkazgan,47.8,67.71,50.18,39,99,10.96,KZ,2020-09-30 17:58:08
260,Gao,16.64,1.64,100.51,15,47,5.06,ML,2020-09-30 17:58:09
261,Martapura,-3.42,114.85,77.0,94,75,1.12,ID,2020-09-30 17:58:09
262,San Matias,-16.37,-58.4,111.11,13,71,8.77,BO,2020-09-30 17:58:10
263,Cairns,-16.92,145.77,69.8,73,47,8.05,AU,2020-09-30 17:58:10
264,Palu,-0.89,119.87,76.55,80,100,2.55,ID,2020-09-30 17:58:11
265,Palmer,42.16,-72.33,66.99,63,20,16.11,US,2020-09-30 17:58:11
266,Buchanan,5.88,-10.05,80.6,88,75,5.82,LR,2020-09-30 17:58:11
267,Vao,-22.67,167.48,68.09,69,81,17.94,NC,2020-09-30 17:58:11
268,Batticaloa,7.71,81.69,80.17,68,65,7.99,LK,2020-09-30 17:58:12
269,North Platte,41.12,-100.77,66.2,25,1,23.04,US,2020-09-30 17:58:12
270,Teguldet,57.31,88.17,34.92,95,100,5.53,RU,2020-09-30 17:58:12
271,Hami,42.8,93.45,50.47,39,0,9.4,CN,2020-09-30 17:58:13
272,Port Macquarie,-31.43,152.92,54.0,99,32,9.01,AU,2020-09-30 17:58:13
273,Ayagoz,47.97,80.44,32.95,91,0,14.41,KZ,2020-09-30 17:58:13
274,Zyryanka,65.75,150.85,38.21,69,72,13.47,RU,2020-09-30 17:58:14
275,Joshimath,30.57,79.57,57.52,42,7,2.44,IN,2020-09-30 17:58:14
276,Keetmanshoop,-26.58,18.13,62.19,30,0,18.68,NA,2020-09-30 17:58:14
277,Mitu,1.2,-70.17,81.39,79,97,4.38,CO,2020-09-30 17:58:15
278,Altamira,-3.2,-52.21,91.4,52,40,4.65,BR,2020-09-30 17:58:15
279,Cienfuegos,22.15,-80.44,89.6,59,40,4.7,CU,2020-09-30 17:58:15
280,Lorengau,-2.02,147.27,82.04,74,65,5.79,PG,2020-09-30 17:58:16
281,Saint-Doulchard,47.1,2.35,64.4,59,87,3.36,FR,2020-09-30 17:58:16
282,Thaba-Tseka,-29.52,28.61,47.23,44,1,6.87,LS,2020-09-30 17:58:16
283,Port Hedland,-20.32,118.57,68.0,72,0,11.45,AU,2020-09-30 17:58:16
284,Baykit,61.67,96.37,32.02,97,100,3.31,RU,2020-09-30 17:58:17
285,Souillac,-20.52,57.52,71.6,83,75,2.24,MU,2020-09-30 17:58:17
286,Mitsamiouli,-11.38,43.28,78.85,81,26,6.93,KM,2020-09-30 17:58:17
287,Jijiga,9.35,42.8,64.56,79,100,8.25,ET,2020-09-30 17:58:18
288,Contamana,-7.33,-75.02,83.84,72,86,2.68,PE,2020-09-30 17:58:18
289,Ribeira Grande,38.52,-28.7,71.6,78,75,12.75,PT,2020-09-30 17:58:18
290,Belaya Gora,68.53,146.42,33.24,82,33,11.97,RU,2020-09-30 17:58:19
291,Pisco,-13.7,-76.22,68.0,77,10,11.41,PE,2020-09-30 17:58:19
292,Mabaruma,8.2,-59.78,86.72,68,95,4.36,GY,2020-09-30 17:58:19
293,Faanui,-16.48,-151.75,78.93,78,6,25.01,PF,2020-09-30 17:58:20
294,Iberia,29.95,-91.75,78.01,38,1,6.93,US,2020-09-30 17:58:20
295,Griffith,41.53,-87.42,62.01,63,40,20.8,US,2020-09-30 17:58:20
296,Ilulissat,69.22,-51.1,28.4,46,20,8.05,GL,2020-09-30 17:58:20
297,Pangnirtung,66.15,-65.71,35.6,43,5,3.36,CA,2020-09-30 17:58:21
298,Kankon,15.02,74.02,82.4,78,75,8.05,IN,2020-09-30 17:58:21
299,Hirara,24.8,125.28,77.29,73,5,20.56,JP,2020-09-30 17:58:21
300,Sinnamary,5.38,-52.95,86.04,66,26,12.71,GF,2020-09-30 17:58:22
301,Goderich,43.75,-81.72,61.0,75,82,1.01,CA,2020-09-30 17:58:22
302,Pontes E Lacerda,-15.23,-59.34,106.16,17,22,7.81,BR,2020-09-30 17:54:39
303,Daru,-9.08,143.21,76.66,81,100,17.22,PG,2020-09-30 17:58:22
304,North Battleford,52.78,-108.28,46.4,61,40,24.16,CA,2020-09-30 17:53:56
305,Kyra,49.58,111.98,41.56,88,100,9.48,RU,2020-09-30 17:58:23
306,Haines Junction,60.75,-137.51,42.58,74,38,2.39,CA,2020-09-30 17:58:23
307,Kano,12.0,8.52,84.2,66,20,3.36,NG,2020-09-30 17:57:30
308,Baherden,38.44,57.43,54.32,37,0,3.85,TM,2020-09-30 17:58:24
309,Haysville,37.56,-97.35,81.0,22,1,24.16,US,2020-09-30 17:58:24
310,Harrison,30.41,-89.04,77.0,36,1,2.35,US,2020-09-30 17:53:41
311,Jishou,28.32,109.72,64.56,89,78,1.92,CN,2020-09-30 17:58:25
312,Tivaouane,14.95,-16.81,87.8,70,20,12.75,SN,2020-09-30 17:58:25
313,Bathsheba,13.22,-59.52,89.6,66,40,21.92,BB,2020-09-30 17:58:25
314,Faya,18.39,42.45,69.8,64,23,5.82,SA,2020-09-30 17:58:25
315,Kapuskasing,49.42,-82.43,51.8,81,75,3.36,CA,2020-09-30 17:58:26
316,Cholet,47.17,-1.0,62.01,77,100,12.1,FR,2020-09-30 17:58:26
317,Kiama,-34.68,150.87,61.0,77,97,5.21,AU,2020-09-30 17:58:26
318,Roanoke Rapids,36.46,-77.65,70.0,63,1,5.82,US,2020-09-30 17:58:26
319,San Cristobal,7.77,-72.22,91.4,36,40,16.11,VE,2020-09-30 17:58:27
320,Tanout,14.97,8.89,91.85,32,26,10.38,NE,2020-09-30 17:58:27
321,Ostrovnoy,68.05,39.51,47.32,87,8,16.22,RU,2020-09-30 17:58:27
322,Imbituba,-28.24,-48.67,82.4,54,20,19.46,BR,2020-09-30 17:58:28
323,Kurilsk,45.23,147.88,53.74,82,50,4.63,RU,2020-09-30 17:58:28
324,Tura,25.52,90.22,75.52,88,52,1.74,IN,2020-09-30 17:58:28
325,Washington,47.5,-120.5,64.99,64,0,1.99,US,2020-09-30 17:54:48
326,San Ramon,37.78,-121.98,77.0,64,1,1.9,US,2020-09-30 17:54:04
327,Tabou,4.42,-7.35,77.61,86,82,10.22,CI,2020-09-30 17:58:29
328,Aviles,43.55,-5.92,64.99,82,20,1.12,ES,2020-09-30 17:55:56
329,Skibbereen,51.55,-9.27,51.8,76,75,11.41,IE,2020-09-30 17:58:29
330,Maceio,-9.67,-35.74,82.4,61,40,12.75,BR,2020-09-30 17:56:32
331,Emba,48.83,58.14,56.48,56,3,10.42,KZ,2020-09-30 17:58:30
332,Nouadhibou,20.93,-17.03,77.0,69,0,19.46,MR,2020-09-30 17:58:30
333,Dingle,11.0,122.67,76.28,90,100,1.61,PH,2020-09-30 17:58:31
334,Tasiilaq,65.61,-37.64,33.8,59,5,5.82,GL,2020-09-30 17:58:31
335,Nhulunbuy,-12.23,136.77,71.6,83,60,8.95,AU,2020-09-30 17:58:32
336,Port Lincoln,-34.73,135.87,49.35,76,40,6.93,AU,2020-09-30 17:58:32
337,Chokurdakh,70.63,147.92,34.95,96,38,14.94,RU,2020-09-30 17:58:32
338,California City,35.13,-117.99,87.01,15,1,3.36,US,2020-09-30 17:58:32
339,Ahipara,-35.17,173.17,48.02,83,12,3.11,NZ,2020-09-30 17:58:33
340,Batagay-Alyta,67.8,130.41,27.52,85,100,5.26,RU,2020-09-30 17:58:33
341,Nelson Bay,-32.72,152.15,59.0,77,90,6.93,AU,2020-09-30 17:58:33
342,Gumdag,39.21,54.59,59.2,31,16,12.97,TM,2020-09-30 17:58:34
343,Pierre,44.37,-100.35,63.0,25,1,29.97,US,2020-09-30 17:58:34
344,Sitka,57.05,-135.33,68.0,42,90,14.99,US,2020-09-30 17:58:34
345,Tashtyp,52.79,89.9,32.65,94,100,6.58,RU,2020-09-30 17:58:35
346,Gannan,47.91,123.5,48.51,64,35,4.25,CN,2020-09-30 17:58:35
347,Sisimiut,66.94,-53.67,29.32,89,0,9.53,GL,2020-09-30 17:58:35
348,Qingquan,30.45,115.26,65.03,79,15,2.59,CN,2020-09-30 17:58:36
349,Juneau,58.3,-134.42,48.0,93,90,8.34,US,2020-09-30 17:57:01
350,Mount Pleasant,32.79,-79.86,75.2,49,1,8.05,US,2020-09-30 17:58:36
351,Acari,-15.43,-74.62,77.47,38,28,10.74,PE,2020-09-30 17:58:36
352,Kishtwar,33.32,75.77,55.08,40,0,3.87,IN,2020-09-30 17:58:37
353,Huarmey,-10.07,-78.15,69.1,65,40,12.26,PE,2020-09-30 17:58:37
354,Warmbad,-28.45,18.73,60.35,44,0,21.65,NA,2020-09-30 17:58:37
355,Pemangkat,1.17,108.97,77.58,86,86,6.04,ID,2020-09-30 17:58:38
356,Whitehorse,60.72,-135.05,42.8,56,75,13.87,CA,2020-09-30 17:58:05
357,Sotnikovskoye,45.0,43.78,57.87,58,89,22.82,RU,2020-09-30 17:58:38
358,Sterling,39.01,-77.43,70.0,43,40,11.41,US,2020-09-30 17:58:38
359,Kalaleh,37.38,55.49,62.6,39,39,4.7,IR,2020-09-30 17:58:39
360,Teluknaga,-6.1,106.64,82.4,74,75,4.7,ID,2020-09-30 17:58:39
361,Zhizdra,53.75,34.74,55.06,47,57,12.39,RU,2020-09-30 17:58:39
362,Dobryanka,58.46,56.42,41.0,100,0,4.47,RU,2020-09-30 17:58:39
363,Asau,46.43,26.4,53.01,82,100,5.99,RO,2020-09-30 17:58:39
364,Beringovskiy,63.05,179.32,39.58,78,62,2.33,RU,2020-09-30 17:58:40
365,Stephenville,32.22,-98.2,84.2,21,1,6.93,US,2020-09-30 17:58:37
366,Scarborough,54.28,-0.4,55.99,93,100,3.0,GB,2020-09-30 17:55:35
367,Neuquen,-38.95,-68.06,60.8,18,20,19.46,AR,2020-09-30 17:58:40
368,Lashio,22.93,97.75,68.58,98,73,0.83,MM,2020-09-30 17:58:41
369,Kahului,20.89,-156.47,77.0,69,40,5.57,US,2020-09-30 17:58:41
370,Bahia De Caraquez,-0.6,-80.42,78.8,69,75,11.41,EC,2020-09-30 17:58:42
371,Charters Towers,-20.1,146.27,62.2,89,0,6.58,AU,2020-09-30 17:58:42
372,Taltal,-25.4,-70.48,64.17,56,17,8.05,CL,2020-09-30 17:58:42
373,Sola,-13.88,167.55,78.89,83,37,23.44,VU,2020-09-30 17:58:43
374,Fairbanks,64.84,-147.72,51.8,37,20,9.17,US,2020-09-30 17:57:06
375,Srednekolymsk,67.45,153.68,37.51,78,80,12.1,RU,2020-09-30 17:58:43
376,Broome,42.25,-75.83,62.01,66,90,20.8,US,2020-09-30 17:58:43
377,Lyuban,52.8,28.0,55.2,62,100,10.4,BY,2020-09-30 17:58:44
378,Tulum,20.22,-87.47,82.0,94,75,4.16,MX,2020-09-30 17:58:44
379,Birao,10.28,22.79,72.3,88,87,4.72,CF,2020-09-30 17:58:44
380,Grindavik,63.84,-22.43,39.2,70,75,10.29,IS,2020-09-30 17:58:44
381,Kalmunai,7.42,81.82,80.53,68,53,6.04,LK,2020-09-30 17:58:45
382,Verkhnevilyuysk,63.45,120.32,26.85,93,100,2.21,RU,2020-09-30 17:58:45
383,Razole,16.48,81.83,77.65,91,99,2.19,IN,2020-09-30 17:58:45
384,Thunder Bay,48.4,-89.32,55.0,81,75,11.41,CA,2020-09-30 17:54:13
385,Mayo,38.89,-76.51,70.0,49,20,12.75,US,2020-09-30 17:58:46
386,Kilakarai,9.23,78.78,83.98,64,16,16.91,IN,2020-09-30 17:58:46
387,Margate,51.38,1.39,62.01,82,93,5.01,GB,2020-09-30 17:58:46
388,Freeport,40.66,-73.58,70.0,49,1,17.22,US,2020-09-30 17:54:46
389,Eyrarbakki,63.86,-21.15,41.0,71,40,5.82,IS,2020-09-30 17:58:47
390,Ewa Beach,21.32,-158.01,73.4,77,1,4.7,US,2020-09-30 17:58:47
391,Olafsvik,64.89,-23.71,40.23,71,74,14.54,IS,2020-09-30 17:58:47
392,Mamallapuram,12.63,80.17,80.6,78,75,6.93,IN,2020-09-30 17:58:48
393,Inhambane,-23.86,35.38,71.6,94,40,9.17,MZ,2020-09-30 17:58:48
394,Mizdah,31.45,12.98,79.61,21,0,9.26,LY,2020-09-30 17:58:48
395,Nagar Karnul,16.48,78.32,73.65,90,100,4.0,IN,2020-09-30 17:55:15
396,Watsa,3.04,29.54,65.19,97,100,1.81,CD,2020-09-30 17:58:49
397,Poshekhonye,58.5,39.14,51.1,81,28,6.71,RU,2020-09-30 17:58:49
398,Sur,22.57,59.53,83.07,57,0,4.83,OM,2020-09-30 17:58:49
399,Atasu,48.68,71.64,43.59,54,6,9.19,KZ,2020-09-30 17:58:50
400,Huilong,31.81,121.66,70.0,81,31,3.0,CN,2020-09-30 17:58:50
401,Bintulu,3.17,113.03,77.0,94,20,3.36,MY,2020-09-30 17:58:50
402,Kiruna,67.86,20.23,48.2,93,83,11.41,SE,2020-09-30 17:58:51
403,Kargasok,59.06,80.86,40.96,93,100,9.08,RU,2020-09-30 17:58:51
404,Praya,14.92,-23.51,84.2,66,75,14.99,CV,2020-09-30 17:55:30
405,Coleraine,55.13,-6.67,50.0,81,40,5.82,GB,2020-09-30 17:58:51
406,Broken Hill,-31.95,141.43,53.6,76,0,3.36,AU,2020-09-30 17:58:52
407,Grand-Santi,4.25,-54.38,100.15,26,99,3.62,GF,2020-09-30 17:58:52
408,Mackenzie,55.3,-123.17,42.8,81,1,5.82,CA,2020-09-30 17:58:52
409,Kuhdasht,33.53,47.61,65.03,49,54,4.99,IR,2020-09-30 17:58:24
410,Ust-Koksa,50.27,85.61,29.41,92,12,1.41,RU,2020-09-30 17:58:53
411,Majene,-3.54,118.97,78.42,83,100,10.04,ID,2020-09-30 17:58:53
412,Maamba,-17.37,27.15,78.12,48,82,10.11,ZM,2020-09-30 17:58:53
413,Jardim,-21.48,-56.14,105.84,15,0,10.51,BR,2020-09-30 17:58:53
414,Banda Aceh,5.56,95.32,80.1,78,39,2.04,ID,2020-09-30 17:58:54
415,Lensk,60.73,114.93,28.47,92,79,2.46,RU,2020-09-30 17:58:54
416,Dolores,-36.31,-57.68,74.05,55,0,11.52,AR,2020-09-30 17:58:54
417,Bumba,2.18,22.47,72.57,89,82,1.7,CD,2020-09-30 17:58:55
418,Impfondo,1.64,18.07,75.07,82,50,2.44,CG,2020-09-30 17:58:55
419,Clyde River,70.47,-68.59,30.2,86,75,13.87,CA,2020-09-30 17:58:55
420,Namibe,-15.2,12.15,65.23,83,61,7.65,AO,2020-09-30 17:58:56
421,Prieska,-29.66,22.75,66.11,17,0,11.61,ZA,2020-09-30 17:58:56
422,Bulgan,48.81,103.53,32.11,94,100,3.87,MN,2020-09-30 17:58:56
423,Buala,-8.14,159.59,80.28,84,71,9.82,SB,2020-09-30 17:58:57
424,Manuk Mangkaw,4.8,119.85,83.53,70,0,2.86,PH,2020-09-30 17:58:57
425,Nemuro,43.32,145.57,56.95,86,21,14.85,JP,2020-09-30 17:58:58
426,Moranbah,-22.0,148.05,61.32,85,0,10.74,AU,2020-09-30 17:58:58
427,Rio Grande,-32.03,-52.1,68.38,78,28,8.32,BR,2020-09-30 17:55:22
428,Port-Gentil,-0.72,8.78,80.6,74,20,13.87,GA,2020-09-30 17:58:59
429,Chara,56.91,118.26,36.77,81,84,0.09,RU,2020-09-30 17:58:59
430,Eston,51.15,-108.75,53.01,53,20,23.04,CA,2020-09-30 17:58:59
431,Santa Isabel Do Rio Negro,-0.41,-65.02,94.03,47,98,1.7,BR,2020-09-30 17:58:59
432,Sompeta,18.93,84.6,78.91,83,100,7.14,IN,2020-09-30 17:59:00
433,Vanavara,60.34,102.28,29.01,95,99,5.32,RU,2020-09-30 17:59:00
434,Eureka,40.8,-124.16,59.0,100,90,5.53,US,2020-09-30 17:55:09
435,Chitrakonda,18.12,82.08,72.45,87,100,2.55,IN,2020-09-30 17:59:01
436,Aliwal North,-30.69,26.71,55.26,31,1,5.64,ZA,2020-09-30 17:59:01
437,Tampere,61.5,23.79,54.0,100,40,2.24,FI,2020-09-30 17:59:01
438,Saint-Augustin,51.23,-58.65,62.24,92,100,21.03,CA,2020-09-30 17:59:02
439,Fortuna,40.6,-124.16,57.2,100,90,3.36,US,2020-09-30 17:58:03
440,Muskogee,35.58,-95.33,79.0,41,1,6.93,US,2020-09-30 17:59:02
441,Havelock,34.88,-76.9,73.0,49,1,10.29,US,2020-09-30 17:59:02
442,Porto Belo,-27.16,-48.55,75.2,73,53,6.93,BR,2020-09-30 17:59:02
443,Shiraz,29.6,52.54,66.2,32,0,4.7,IR,2020-09-30 17:54:15
444,Noumea,-22.28,166.46,55.4,82,75,11.65,NC,2020-09-30 17:59:03
445,Acarau,-2.89,-40.12,86.02,54,14,21.54,BR,2020-09-30 17:59:03
446,Siguiri,11.67,-9.5,83.64,71,63,1.5,GN,2020-09-30 17:59:04
447,Keti Bandar,24.14,67.45,82.62,77,21,12.24,PK,2020-09-30 17:59:04
448,Reconquista,-29.15,-59.65,100.38,30,1,11.86,AR,2020-09-30 17:59:04
449,Penafiel,41.21,-8.28,64.0,6,35,3.0,PT,2020-09-30 17:57:10
450,Notse,6.95,1.17,73.27,94,99,3.65,TG,2020-09-30 17:59:05
451,Vila Do Maio,15.13,-23.22,84.2,66,75,14.99,CV,2020-09-30 17:59:05
452,Namatanai,-3.67,152.43,80.1,79,66,3.62,PG,2020-09-30 17:59:06
453,Farrukhnagar,17.08,78.2,73.99,100,75,3.36,IN,2020-09-30 17:59:06
454,Khorixas,-20.37,14.97,58.35,46,0,9.4,NA,2020-09-30 17:59:06
455,Vilyuysk,63.76,121.62,27.68,93,100,1.43,RU,2020-09-30 17:59:07
456,Ostrowiec Swietokrzyski,50.93,21.39,54.0,95,100,1.01,PL,2020-09-30 17:59:07
457,Okhotsk,59.38,143.3,43.92,67,25,10.36,RU,2020-09-30 17:59:07
458,Pinar Del Rio,22.42,-83.7,87.3,68,15,7.09,CU,2020-09-30 17:59:07
459,Tulagi,-9.1,160.15,73.4,100,40,18.7,SB,2020-09-30 17:59:08
460,Half Moon Bay,37.46,-122.43,72.0,77,1,11.41,US,2020-09-30 17:57:29
461,Nobsa,5.77,-72.94,61.77,65,100,4.65,CO,2020-09-30 17:59:08
462,Allahganj,27.55,79.68,79.11,45,0,4.0,IN,2020-09-30 17:59:08
463,Morwa,22.9,73.83,77.76,71,0,5.7,IN,2020-09-30 17:59:09
464,Paragominas,-2.97,-47.48,96.82,33,83,6.2,BR,2020-09-30 17:59:09
465,Hualmay,-11.1,-77.61,68.05,66,48,12.03,PE,2020-09-30 17:59:10
466,Kimberley,-28.73,24.76,68.0,8,0,6.93,ZA,2020-09-30 17:59:10
467,Dicabisagan,17.08,122.42,78.98,83,100,3.89,PH,2020-09-30 17:59:10
468,Lubumbashi,-11.66,27.48,82.4,45,10,5.82,CD,2020-09-30 17:59:11
469,Sioux Lookout,50.1,-91.92,48.2,76,90,9.17,CA,2020-09-30 17:59:11
470,Vohibinany,-17.35,49.03,70.47,90,38,0.72,MG,2020-09-30 17:59:12
471,Brae,60.4,-1.35,53.6,87,75,27.51,GB,2020-09-30 17:59:12
472,Chifeng,42.27,118.96,51.15,46,92,7.54,CN,2020-09-30 17:59:12
473,Williston,48.15,-103.62,55.99,44,17,11.99,US,2020-09-30 17:54:27
474,Richards Bay,-28.78,32.04,64.18,73,7,14.63,ZA,2020-09-30 17:59:13
475,Sassandra,4.95,-6.08,76.73,88,86,8.25,CI,2020-09-30 17:59:13
476,Chernyshevskiy,63.01,112.47,24.85,92,24,3.91,RU,2020-09-30 17:59:14
477,Ambon,-3.7,128.18,79.5,83,90,7.78,ID,2020-09-30 17:59:14
478,Mahanoro,-19.9,48.8,71.58,92,8,7.27,MG,2020-09-30 17:59:14
479,Trinidad,-14.83,-64.9,93.2,52,20,13.87,BO,2020-09-30 17:58:30
480,Newport,51.59,-3.0,57.99,97,100,12.37,GB,2020-09-30 17:55:45
481,Devonport,-41.17,146.35,48.0,90,72,3.0,AU,2020-09-30 17:59:15
482,San Lorenzo,-25.33,-57.53,107.6,20,0,18.34,PY,2020-09-30 17:59:15
483,Calatayud,41.35,-1.64,75.2,77,29,5.82,ES,2020-09-30 17:57:00
484,Launceston,-41.45,147.17,45.0,100,96,12.75,AU,2020-09-30 17:59:16
485,Port Dickson,2.52,101.8,77.0,94,40,3.36,MY,2020-09-30 17:59:16
486,Le Vauclin,14.55,-60.84,86.0,83,53,14.99,MQ,2020-09-30 17:59:16
487,Plettenberg Bay,-34.05,23.37,56.61,72,64,6.62,ZA,2020-09-30 17:59:17
488,Minab,27.15,57.08,86.0,74,0,6.93,IR,2020-09-30 17:59:17
489,Lapeer,43.05,-83.32,55.0,93,90,6.93,US,2020-09-30 17:59:17
490,Termiz,37.22,67.28,57.2,58,20,6.93,UZ,2020-09-30 17:59:18
491,Aasiaat,68.71,-52.87,24.78,95,86,9.95,GL,2020-09-30 17:59:18
492,Maarianhamina,60.1,19.93,48.2,100,20,1.12,AX,2020-09-30 17:59:18
493,Salinopolis,-0.61,-47.36,83.98,67,27,14.76,BR,2020-09-30 17:58:40
494,Pajarito,5.29,-72.7,74.46,74,85,4.45,CO,2020-09-30 17:59:19
495,Aykhal,66.0,111.5,24.8,79,90,2.24,RU,2020-09-30 17:59:19
496,Avera,33.19,-82.53,71.6,43,1,11.41,US,2020-09-30 17:59:19
497,Mattru,7.62,-11.83,76.62,94,89,4.97,SL,2020-09-30 17:59:20
498,Temir,49.14,57.13,56.39,57,1,10.92,KZ,2020-09-30 17:59:20
499,Pitimbu,-7.47,-34.81,84.2,62,75,17.22,BR,2020-09-30 17:59:20
500,Kjopsvik,68.1,16.37,53.01,81,75,8.05,NO,2020-09-30 17:59:21
501,Ariquemes,-9.91,-63.04,96.31,37,40,3.02,BR,2020-09-30 17:58:08
502,Havoysund,71.0,24.66,51.8,81,75,14.99,NO,2020-09-30 17:59:21
503,Aktau,43.65,51.2,53.6,30,0,11.18,KZ,2020-09-30 17:59:21
504,Plouzane,48.38,-4.62,57.2,100,100,5.82,FR,2020-09-30 17:56:03
505,Padang,-0.95,100.35,78.1,80,73,4.07,ID,2020-09-30 17:59:22
506,Goundam,16.41,-3.67,104.63,10,0,9.37,ML,2020-09-30 17:59:22
507,Bolshevik,54.01,27.57,53.6,76,100,6.71,BY,2020-09-30 17:59:22
508,Zhuanghe,39.7,122.99,52.0,68,2,4.99,CN,2020-09-30 17:59:23
509,Bayir,37.27,28.22,69.8,52,0,5.82,TR,2020-09-30 17:59:23
510,Morro Bay,35.37,-120.85,84.0,56,5,6.6,US,2020-09-30 17:59:23
511,Vanimo,-2.67,141.3,79.29,78,92,0.58,PG,2020-09-30 17:59:24
512,Lithakia,37.72,20.83,69.8,73,40,4.7,GR,2020-09-30 17:59:24
513,Tselinnoye,53.08,85.67,37.38,78,100,6.6,RU,2020-09-30 17:59:24
514,Byron Bay,-28.65,153.62,64.4,68,2,10.29,AU,2020-09-30 17:59:24
515,Casablanca,33.59,-7.62,77.0,73,20,10.29,MA,2020-09-30 17:56:17
516,Tilichiki,60.47,166.1,39.25,95,100,3.8,RU,2020-09-30 17:59:25
517,Santa Barbara,34.42,-119.7,100.0,28,1,2.91,US,2020-09-30 17:59:10
518,Cesis,57.31,25.27,55.0,87,80,4.0,LV,2020-09-30 17:59:25
519,Odweyne,9.41,45.06,74.93,65,100,13.31,SO,2020-09-30 17:59:26
520,Los Negros,-17.73,-63.43,93.2,46,20,26.4,BO,2020-09-30 17:59:26
521,Strezhevoy,60.73,77.59,41.0,86,75,2.24,RU,2020-09-30 17:59:26
522,Waipawa,-41.41,175.52,41.0,80,0,5.82,NZ,2020-09-30 17:59:27
523,Key West,24.56,-81.78,89.6,70,1,4.7,US,2020-09-30 17:58:09
524,Geraldton,-28.77,114.6,57.2,82,40,3.36,AU,2020-09-30 17:59:27
525,San Quintin,30.48,-115.95,91.13,25,0,7.07,MX,2020-09-30 17:59:28
526,Kruisfontein,-34.0,24.73,57.0,71,2,3.0,ZA,2020-09-30 17:59:28
527,San Lorenzo De El Escorial,40.59,-4.15,75.0,34,34,1.01,ES,2020-09-30 17:59:28
528,Tsovak,40.18,45.63,49.89,75,98,5.84,AM,2020-09-30 17:59:29
529,Rediu,47.22,27.5,59.0,62,45,4.7,RO,2020-09-30 17:59:29
530,Wahiawa,21.5,-158.02,73.0,77,1,6.93,US,2020-09-30 17:59:29
531,Ostersund,63.18,14.64,51.8,81,35,8.05,SE,2020-09-30 17:59:29
532,Nuevo Progreso,23.17,-97.95,82.99,26,17,4.0,MX,2020-09-30 17:59:30
533,Belmopan,17.25,-88.77,86.0,59,82,1.99,BZ,2020-09-30 17:59:30
534,Dakar,14.69,-17.44,87.8,74,40,9.17,SN,2020-09-30 17:59:24
535,Soyo,-6.13,12.37,74.93,79,66,7.81,AO,2020-09-30 17:59:30
536,Maniitsoq,65.42,-52.9,31.53,83,0,3.76,GL,2020-09-30 17:59:31
537,Lexington,37.99,-84.48,70.0,52,1,25.28,US,2020-09-30 17:55:01
538,Alofi,-19.06,-169.92,75.2,94,27,4.7,NU,2020-09-30 17:59:31
539,Yichang,30.71,111.28,66.99,78,73,2.51,CN,2020-09-30 17:59:32
540,Tukrah,32.53,20.58,74.14,64,0,10.31,LY,2020-09-30 17:59:32
541,Sorland,67.67,12.69,53.6,87,75,10.29,NO,2020-09-30 17:59:32
542,Akureyri,65.68,-18.09,42.8,75,90,3.36,IS,2020-09-30 17:59:33
543,Gigmoto,13.78,124.39,80.64,80,61,3.04,PH,2020-09-30 17:59:33
544,Abu Dhabi,24.47,54.37,93.2,32,0,8.05,AE,2020-09-30 17:56:02
545,Portland,45.52,-122.68,72.0,62,0,1.01,US,2020-09-30 17:57:46
546,Ust-Kuyga,70.02,135.6,29.17,96,95,6.08,RU,2020-09-30 17:59:34
547,Mednogorskiy,43.92,41.18,58.08,77,100,3.56,RU,2020-09-30 17:59:34
548,Masuda,34.67,131.85,64.4,88,20,6.93,JP,2020-09-30 17:59:34
549,Pomoryany,49.64,24.93,53.55,91,87,7.27,UA,2020-09-30 17:59:35
550,Kondinskoye,59.65,67.41,47.07,92,44,5.28,RU,2020-09-30 17:59:35
551,Camalote,15.33,-88.33,89.6,59,40,2.24,HN,2020-09-30 17:59:35
552,Roald,62.58,6.13,55.4,87,76,11.41,NO,2020-09-30 17:59:35
553,La Ronge,55.1,-105.28,44.6,65,90,16.11,CA,2020-09-30 17:59:36
554,Luderitz,-26.65,15.16,56.79,69,0,29.68,NA,2020-09-30 17:59:36
555,Manicore,-5.81,-61.3,95.32,41,83,2.1,BR,2020-09-30 17:59:36
556,Merrill,45.18,-89.68,54.0,62,90,14.99,US,2020-09-30 17:55:06
557,Lascahobas,18.83,-71.94,91.4,55,75,14.99,HT,2020-09-30 17:59:37
558,Kilrush,52.64,-9.48,53.6,66,20,11.41,IE,2020-09-30 17:59:37
559,Lingao,19.91,109.69,80.11,85,100,6.89,CN,2020-09-30 17:59:37
560,Dhankuta,26.98,87.33,68.59,93,98,3.58,NP,2020-09-30 17:59:38
561,Cocal,-28.62,-49.35,83.89,63,89,7.54,BR,2020-09-30 17:59:38
562,Itapirapua,-15.82,-50.61,107.24,10,9,11.88,BR,2020-09-30 17:59:38
563,Bakel,14.9,-12.46,100.81,31,58,2.64,SN,2020-09-30 17:59:39
564,Marsa Matruh,31.35,27.25,75.94,74,0,11.65,EG,2020-09-30 17:59:39
565,Matara,5.95,80.54,77.52,88,94,9.17,LK,2020-09-30 17:59:39
566,Kamalasai,16.34,103.58,76.26,90,38,4.43,TH,2020-09-30 17:59:40
567,Belyy Yar,53.6,91.39,33.8,80,92,2.24,RU,2020-09-30 17:59:40
568,Malanje,-9.54,16.34,77.0,83,75,11.41,AO,2020-09-30 17:59:40
569,Jeremie,18.65,-74.12,85.77,70,81,8.41,HT,2020-09-30 17:59:41
